ikaw,162580
ikalawang,18932
ikatlong,11195
ikaapat,4557
ikalawa,4006
ikatlo,2727
ikalimang,2143
ikakasal,2034
ikabubuti,1962
ikay,1903
ika-apat,1740
ikinagulat,1476
ikapitong,1435
ikaanim,1410
ikasal,1336
ikinasal,1298
ikinatuwa,1286
ikalat,1110
ikauunlad,1109
ikapu,1108
ika-anim,918
ikinamatay,903
ikawang,797
ikinalulungkot,657
ikawalong,654
ikinabubuhay,584
ikabit,546
ikabubuhay,537
ikalima,535
ikasiyam,518
ikamatay,506
ikahiya,505
ikinalat,469
ikasampung,466
ikinasawi,449
ikinahihiya,430
ikinagalit,430
ikinasa,416
ikinabit,411
ika-pitong,377
ika-siyam,369
ika-limang,363
ikabahala,360
ikamamatay,347
ikaway,338
ikakalat,335
ikinalungkot,326
ikagaganda,318
ikinagagalak,317
ikinakabit,311
ikinatutuwa,311
ikaliligtas,300
ikatakot,299
ikakabuti,294
ikapito,282
ikawalo,260
ikinasang,254
ikinabigla,240
ikatutuwa,237
ikinababahala,235
ikinakasal,231
ikalabing,225
ikakabit,219
ikinatawa,218
ikawlang,218
ikaluluwalhati,217
ika-walong,217
ikinasugat,211
ikinalulugod,209
ikinakalat,206
ikadalawampu,204
ikaliligaya,203
ika-sampung,198
ikinabahala,195
ikinagalak,170
ikasampu,165
ikinararangal,163
ikampanya,162
ikang,159
ikasisira,148
ikakahiya,145
ikapapahamak,143
ikinagagalit,142
ikinatatakot,140
ika-labing,139
ikatuwa,136
ikasasama,136
ikakasira,134
ikasisiya,134
ikanga,132
ikasasaya,130
ikahon,130
ikalulugod,130
ikakaunlad,129
ikinahiya,124
ikahihiya,122
ika-pito,121
ikinakahiya,114
ikaso,113
ikagalit,112
ikaila,110
ikinapit,110
ika-tatlong,108
ikasa,107
ikinatwiran,107
ikawna,105
ikinaila,104
ikatatagumpay,104
ikapagpapatawad,103
ikapo,103
ikararangal,103
ikagalak,102
ikapahamak,100
ikinakaila,98
ikaka,98
ikakamatay,97
ika-lima,94
ikalabindalawang,91
ikansela,91
ikinandado,90
ikakasaya,90
ikapit,89
ikalabing-isang,89
ikinakasa,89
ikagagaling,88
ikakaganda,88
ikasangpung,88
ikama,88
ikawlangang,86
ikawparin,86
ikinainis,86
ikakaila,86
ika-sampu,86
ikandado,86
ikinatakot,85
ika-walo,85
ikasira,85
ikamaru,84
ikalabinsiyam,84
ikinaganda,83
ikalito,82
ikalabintatlong,82
ikatatahimik,80
ikagagalit,79
ikinawit,78
ikalabing-apat,78
ikinasiya,78
ikarangal,76
ikatitibay,75
ikawlamang,75
ikinadismaya,74
ikagagalak,74
ika-dalawampu,73
ikakasa,73
ikakatuwa,72
ikinasama,70
ikakampanya,70
ikinasisiya,69
ikatututo,68
ikinalugod,68
ikanta,68
ikinakapit,67
ikinangiti,66
ikinakatakot,66
ikakagalit,66
ikaryo,65
ikabaliw,65
ikalulutas,64
ikalabinlimang,64
ikinalibog,64
ikawalang,64
ikinanta,64
ikinamangha,63
ikaskas,62
ikakasama,61
ikagiginhawa,61
ikain,60
ikadarakip,59
ikalwang,57
ikan,57
ikalulungkot,57
ikagulat,56
ikayayaman,55
ikadalawampung,55
ikakaso,54
ikasusulong,54
ikatatlong,52
ikawy,52
ikakayaman,52
ikagugulat,51
ikalungkot,51
ikakapahamak,50
ikinakampanya,50
ikatwiran,50
ikinakatwiran,49
ikaaayos,49
ikapat,48
ika-una,47
ikalabing-anim,47
ikalakal,47
ikawatako,47
ika-unang,46
ika-nga,46
ikaligtas,46
ikategorya,45
ikawlamangang,45
ikatatlumpu,45
ikakatwiran,44
ikinategorya,44
ikinaso,44
ikaduha,44
ikamusta,44
ikakaltas,44
ikinaiba,44
ikinatuwiran,42
ikinaloka,42
ikinabaliw,42
ikinarga,42
ikinadena,42
ikat,41
ika-dalawang,41
ikakatahimik,41
ikasasakdal,40
ikadena,40
ikinasasama,40
ikapagtatamo,40
ikinataka,40
ikarga,40
ika-isang,40
ikakagulat,39
ikal,39
ikinampanya,39
ikinaiinis,38
ikinaskas,38
ikinakalakal,37
ikatutupad,37
ikawikaw,37
ika-dalawampung,37
ikawala,37
ikabod,36
ika-tatlo,36
ikapagtatagumpay,36
ikar,35
ikasama,35
ikatutubos,35
ikinamamatay,35
ikinasaya,33
ikatatlo,33
ika-labindalawang,33
ikako,33
ika-uunlad,32
ikasasakit,31
ikakasakit,31
ikakarga,31
ikauunawa,30
ikagagaan,30
ikawnanga,30
ikakapit,29
ikawpa,29
ikalabingwalong,29
ikinakasang,29
ika''y,29
ikakalakal,29
ikalaway,29
ikaltas,29
ikae,28
ikalalago,28
ikakain,28
ikadyot,28
ika-dalawamput,27
ikawparinang,27
ika-lawang,27
ikamo,27
ikinatigil,27
ikinairita,27
ikinadyot,27
ikinasira,27
ikababagsak,27
ikampay,27
ikinakarga,26
ikadalawang,26
ikalabing-isa,26
ikinahon,26
ikinaalarma,26
ikantot,26
ikinaungol,26
ikatawan,26
ikalabimpitong,26
ikaanimnapung,26
ikapupuri,26
ika-isa,25
ikakatakot,25
ikakaayos,24
ikinahagikgik,24
ikinataas,24
ikapapanatag,24
ikawangaking,24
ikalugod,24
ikakabagsak,24
ikatatatag,24
ikinakatuwa,23
ika?y,23
ikinahihiyang,23
ikinakaway,23
ikinakaba,23
ikalma,23
ikatuwiran,23
ikahuling,23
ikalabindalawa,23
ikasiya,23
ikala,23
ikala-wang,23
ikatitisod,23
ikakabuhay,22
ikinabuhay,22
ika-labintatlong,22
ikalabingsiyam,22
ikalalaya,22
ikalilinaw,21
ikatutuwid,21
ikinampay,21
ikinaliligaya,21
ikinagising,21
ikinagugulat,21
ikakaligaya,21
ikakanta,21
ikinakilig,21
ikakandado,21
ikawat,21
ikinalaki,21
ikalaw,20
ikinasasaya,20
ikalawng,20
ikababanal,20
ikinalingon,20
ikas,20
ikaunlad,20
ika-tatlumpu,20
ikawa,20
ikinakaltas,20
ikinabuti,20
ikaayong,19
ikadalawamput,19
ikasisikat,19
ikabuti,19
ikadadakila,19
ikinaiiba,19
ikinababalisa,19
ikakansela,19
ika-labing-isang,19
ikinanyod,19
ikapapayapa,19
ikawangpag,18
ikalawangmarkahan,18
ikakikilala,18
ikaselos,18
ikahuhusay,18
ikanim,18
ikapung,18
ikatatlumpung,18
ikapagkakaroon,18
ikabibigla,18
ikatatakot,18
ikatalo,18
ikinaway,17
ikabagsak,17
ikinairap,17
ikalalaganap,17
ikabalisa,17
ikinain,17
ikapapanalo,17
ikainis,17
ikababaliw,17
ikalimampung,17
ikasawi,17
ikaapatna,17
ika-ika,17
ikakasiya,17
ikinawindang,17
ikawangtanging,16
ikinakanyod,16
ikinandong,16
ikakama,16
ikinatwirang,16
ikasaya,16
ika-apatnapung,16
ikinakategorya,16
ikalabing-walong,16
ikalimampu,16
ikinatahimik,16
ikinatumba,16
ikalabingisang,16
ikadadali,16
ikaaangat,16
ikalilinis,16
ikakatagumpay,16
ikatatagal,16
ikatataguyod,16
ikinagulantang,16
ikalawangmarkahankasaysayan,15
ikabigla,15
ikinakaharap,15
ikaduwa,15
ikinakantot,15
ikawing,15
ikabuhay,15
ikinatalo,15
ikaunang,15
ikalwa,15
ikambyo,15
ikalulugi,15
ikinakambal,15
ikinakunot,15
ikinakaskas,15
ikawsa,15
ikasandaang,15
ika-tatlumput,14
ikawpala,14
ika-isandaang,14
ikayaman,14
ikinakatuwiran,14
ikakatuwiran,14
ika-labing-apat,14
ika-limampung,14
ika-cancel,14
ikawnaang,13
ikalabingtatlong,13
ikasampo,13
ikinahiyang,13
ikinapikon,13
ikahuli,13
ikauna,13
ikalabing-dalawang,13
ikawawasak,13
ikinamula,13
ikinakandado,13
ikinawala,13
ikalabimpito,13
ikatulo,13
ikaliliwanag,13
ikinatigas,13
ikalalakas,13
ikinakahon,13
ikalawangalamat,12
ikakalungkot,12
ikinansela,12
ikinayaman,12
ikinainit,12
ikapapanuto,12
ika-labingisang,12
ikinaltas,12
ikinakagalit,12
ika-labing-isa,12
ikaapatnapu,12
ikawr,12
ikasarang,12
ikana,12
ikinahagalpak,12
ikaklit,12
ika-labinlimang,12
ikalabing-walo,12
ikao,12
ikinakampay,12
ikinapanalo,12
ikinaiyak,12
ika-18ng,11
ika-tatlumpung,11
ikat-long,11
ikinapaging,11
ikinantot,11
ikatlong-partido,11
ikasampung-bahagi,11
ikinarangal,11
ikaaaliw,11
ikaapatnapung,11
ikakailang,11
ika-labingsiyam,11
ikinaaliw,11
ikaduhang,11
ikinagusto,11
ikagaganap,11
ikalawangpagparito,11
ikinabig,11
ikawawala,11
ikainggit,11
ikau,11
ikaww,11
ikasisigla,11
ikaa,11
ikahihikayat,11
ikawww,11
ikalawangdigmaang,11
ika-labindalawa,11
ikaganda,11
ikinakadyot,11
ikinaha,11
ikinasabik,11
ikatataas,11
ikinawing,10
ikinambyo,10
ikakatibay,10
ikalabingdalawang,10
ikadalawangpu,10
ikau-unlad,10
ikinabubuti,10
ikakaselos,10
ikaï¿,10
ikinalulumbay,10
ikalabing-siyam,10
ikaluluwag,10
ikinabagsak,10
ika-13th,10
ikakagaan,10
ikakapanalo,10
ikinasarap,10
ikaq,10
ikinasindak,10
ikarwa,10
ikinalito,10
ikatatalo,10
ikaalarma,10
ikabig,10
ikaiinis,10
ikapitong-araw,10
ikinait,10
ikinasakit,10
ika-pu,10
ikapagkakamit,10
ikinakiliti,10
ikinababaliw,10
ikapipinsala,10
ikakabubuti,10
ikalabintatlo,10
ikaï¿,10
ikinalilibog,9
ikinalas,9
ikasakit,9
ikinasigaw,9
ikinagulo,9
ikapagiging,9
ikalabinglimang,9
ika6nautos,9
ikalulusog,9
ikinaligaya,9
ikalabingtatlo,9
ika-labin,9
ikinapula,9
ikatulong,9
ikinagaganda,9
ika-3rd,9
ikinatutuwang,9
ikakasikat,9
ikakagaling,9
ikinapahamak,9
ikinailing,9
ikatanggal,9
ikabibilis,9
ikapitumpu,9
ikinahulog,9
ikina-shock,9
ika-isandaan,9
ikaka-proud,9
ikakalugi,9
ika-labing-anim,9
ikapangamba,9
ikakaskas,9
ikinagimbal,9
ika-pitumpung,8
ikatatlumpo,8
ikalawangkanlurang,8
ikatirik,8
ikakaligtas,8
ikinaka,8
ikinakabahala,8
ikinalilito,8
ikakabahala,8
ikababago,8
ikalalaki,8
ikinalang,8
ikinalakas,8
ikaaaw,8
ikinaiirita,8
ikailang,8
ikakaba,8
ikagigiba,8
ikatlng,8
ikinaunlad,8
ikalabingpitong,8
ikakapanatag,8
ika-labingdalawang,8
ikapananatili,8
ikawba,8
ikinakain,8
ikawlangatako,8
ikawikawang,8
ikahuhuli,8
ikadalawa,8
ikanyod,8
ika-labingwalong,8
ikaisa,8
ikakabash,8
ikinalong,8
ikinataranta,8
ikayod,8
ikawayakin,8
ikinamamangha,8
ikaanimna,8
ika-dalawa,8
ikinaasar,8
ikinakainis,8
ikawnga,8
ikakataas,8
ikinakawing,8
ikawwww,8
ikagugulo,8
ikatloy,8
ikaw/kayo,8
ikakasang,8
ikababahala,8
ikinasanhi,8
ikalawangmarkahankalagayang,7
ikalawangmarkahankalagayangheograpikal,7
ikawanggusto,7
ikapapaanyo,7
ika-animna,7
ikadalawangput,7
ikinagitla,7
ikakatalo,7
ika-apatnapu,7
ikado,7
ikawangsiyang,7
ika-v,7
ikinahagikhik,7
ika-10th,7
ikamamangha,7
ika-10ng,7
ikalabing-limang,7
ika-ii,7
ika-14th,7
ikahihiyang,7
ika6na,7
ika-17ng,7
ikinakasama,7
ikalabinganim,7
ikinaba,7
ikakabigla,7
ikahimatay,7
ikinahiyaw,7
ikaaapat,7
ikinakatawan,7
ikinasisira,7
ikaruga,7
ikawtubo,7
ikanagulat,7
ikinatangi,7
ikawmismo,7
ikabubuo,7
ikaaaring-ganap,7
ikapapatawad,7
ikait,7
ikaaaresto,7
ika-cut,7
ikinahaharap,7
ikinalubog,7
ika-labimpitong,7
ikalugi,7
ikargang-pakuha,7
ikakahon,7
ikasangkol,7
ikinahanga,7
ika-syam,7
ikinataba,7
ikinatampo,7
ikinasamid,7
ikinatataka,7
ikapagkakaisa,7
ikinabulagta,7
ikinabilib,7
ikinaangat,7
ikinaluluoy,7
ikasasawi,7
ikari,7
ikinatili,7
ika-50th,7
ikinakayod,7
ikatatamo,7
ikaluwalhati,7
ikinayamot,7
ikabababa,7
ikalahan,6
ikabuntis,6
ikahihirap,6
ikinama,6
ika-19th,6
ikalawangpaniniwala,6
ikalawangmarkahansinocentrism,6
ika-labing-dalawang,6
ikapangambang,6
ikalunod,6
ika-23rd,6
ikaiinggit,6
ikapangyayari,6
ikapagbabago,6
ikinakama,6
ikinakanlong,6
ika-labingpitong,6
ikinawiwili,6
ikagat,6
ikakahiyang,6
ikinaiinggit,6
ikansel,6
ikinapoot,6
ikinahuli,6
ikakandidato,6
ikinagaling,6
ika-aapat,6
ika-20th,6
ikakampay,6
ikanyang,6
ikakagulo,6
ikinailang,6
ikina-offend,6
ikakatutuwa,6
ikaaari,6
ikinaatras,6
ikawit,6
ikakawit,6
ika-40th,6
ikalang,6
ikina-inis,6
ikinakailang,6
ikinangisi,6
ikapapanatili,6
ikawasak,6
ikalawang-oras,6
ikakarangal,6
ikawikawikaw,6
ika-labingtatlong,6
ikami,6
ika-labinganim,6
ika-7ng,6
ikapagkakasundo,6
ikapugto,6
ikabubuting,6
ikalabinwalong,6
ikakategorya,6
ikatitiwasay,6
ikawangnasaisip,6
ikinalitaw,6
ikabuwal,6
ikinasinghap,6
ika-insecure,6
ikalawang-taon,6
ikatlong-partidong,6
ikinatawan,6
ikalalamang,6
ikatatag,6
ikawnaman,6
ika-s,6
ikanlong,6
ikawsalamat,6
ikinargang,6
ikawatakoay,6
ikalawangmarkahanmarkahan,5
ikawlamangatako,5
ikinakailangan,5
ikanong,5
ikawlangangmamahalin,5
ikapapahiya,5
ikayat,5
ikinahilo,5
ikalawangindia,5
ikalilito,5
ikinatango,5
ikinakawit,5
ikinabasa,5
ikinababa,5
ikaayo,5
ikina-ungol,5
ikinasisindak,5
ikatong,5
ika-copy,5
ikatatapos,5
ika-dalawam,5
ika-limampu,5
ikaiyak,5
ikawangbaby,5
ikadalawangpung,5
ika-labing-siyam,5
ikinadakip,5
ikalumbay,5
ikawhindi,5
ikalipay,5
ika-17th,5
ikatampo,5
ikasikat,5
ikalabing-lima,5
ikalabinlima,5
ikapang,5
ikatitiwalag,5
ikasanlibong,5
ika-third,5
ikinatingin,5
ikasisiyang,5
ikawlamangangiibigin,5
ikinakait,5
ikabubuwal,5
ika-worry,5
ika-animnapu,5
ikinaputol,5
ikatolo,5
ikaw?ako,5
ikakantot,5
ikaayos,5
ikaaaring,5
ikinamumuhi,5
ikanatuwa,5
ikalabingapat,5
ikawhuwag,5
ikinaigtad,5
ikalabing-tatlong,5
ikawag,5
ikakagalak,5
ikakampanyang,5
ika-line,5
ikinapahiya,5
ikinaliyad,5
ikawrin,5
ikalawangbahagi,5
ikaw.ang,5
ikayamot,5
ikaon,5
ikasasarap,5
ikauusad,5
ikinaharap,5
ikadong,5
ikaligaya,5
ikinasimangot,5
ikadapa,5
ikaka-unlad,5
ikinakaso,5
ika-6th,5
ikinalma,5
ikalabingdalawa,5
ikasangpu,5
ika-15th,5
ikapitongaraw,5
ikatlongaraw,5
ikagising,5
ika-25th,5
ikawlangat,5
ika-21st,5
ikinalaglag,5
ikinalakal,5
ika-labintatlo,5
ikakauunlad,5
ika-13ng,5
ikalawalang,5
ikaga,5
ikinalugi,5
ikawsana,5
ikaklaro,5
ikayayamot,5
ikakaangat,5
ikadurog,5
ikinakanta,5
ikinapangyayari,4
ikalimang-dimensional,4
ikalimangyugto,4
ikasusuklam,4
ikakalendaryo,4
ika-sampong,4
ikapaat,4
ika-labingapat,4
ikaltong,4
ikinatataba,4
ikamula,4
ikarus,4
ikinasorpresa,4
ikaltlong,4
ikagigitla,4
ikatatlumpong,4
ikadismaya,4
ikawangala,4
ikinadurog,4
ika-ikang,4
ikalawangsinocentrismmarkahanang,4
ikalkula,4
ikatahimik,4
ikabingi,4
ikabawas,4
ikanabubuhay,4
ikatatlumput,4
ikinalikot,4
ikawtunay,4
ikante,4
ikaya,4
ikasan,4
ikatan,4
ikakaasenso,4
ikawme,4
ikinabuwal,4
ikapan,4
ikinandidato,4
ikatlong-kamay,4
ikak,4
ikasyam,4
ikahulugan,4
ikawï¿,4
ikaduwal,4
ika-lulumpo,4
ikalabing-pitong,4
ikinabingi,4
ikatalong,4
ikinapamula,4
ikakainis,4
ikabigo,4
ikinahagok,4
ikalimang-grader,4
ikinahapis,4
ikakapagod,4
ikapagpapatuloy,4
ikinakamot,4
ikakadena,4
ikakasala,4
ikatumba,4
ika-labingwalo,4
ikatisod,4
ikinasasakit,4
ikantasya,4
ikadagdag,4
ikaiirita,4
ikinapapahamak,4
ikinakampanyang,4
ikakandong,4
ikakaluwalhati,4
ikinahahapis,4
ikinahina,4
ikinabalisa,4
ika-onom,4
ikahulog,4
ikinapuputok,4
ikinapapagod,4
ikinakuwa,4
ikinang,4
ikinamuhi,4
ikawanghanap,4
ikinasikat,4
ika-limamput,4
ikakapital,4
ikinakadena,4
ikinagugulo,4
ikacancel,4
ikasigaw,4
ikawe,4
ikabuturan,4
ikinabasag,4
ikahahapis,4
ikapulo,4
ikalawangkabanata,4
ikababangon,4
ikinakaiba,4
ikatwirang,4
ikinaladkad,4
ikasanlibo,4
ikinaaresto,4
ikahapis,4
ikali,4
ika-9th,4
ikakastress,4
ikatatanghal,4
ika-cast,4
ikahit,4
ikakalutas,4
ika-b,4
ikakasarap,4
ikap,4
ikinabibilib,4
ikinasusuka,4
ikakaya,4
ikaaw,4
ikawangkulang,4
ika-23ng,4
ikag,4
ikaduda,4
ikina-alarma,4
ikatitimawa,4
ika-huling,4
ikinamada,4
ikasugat,4
ikalog,4
ikakagaganda,4
ikinapitlag,4
ikababatid,4
ikakadyot,4
ikinatameme,4
ikawlaging,4
ikinatiwalag,4
ika-30th,4
ikinahaba,4
ikinabagabag,4
ikinaduduwal,4
ikasasaayos,4
ikinamot,4
ikawlangikawlang,4
ika-proud,4
ikakaginhawa,4
ikakawing,4
ikasya,4
ikaupat,4
ikapagpapala,4
ika-11ng,4
ika-2ng,4
ikalabing-tatlo,4
ikinatahol,4
ikinawasak,4
ikaluluwalhating,4
ikalilibang,4
ika-pitumpu,4
ikaduwang,4
ika-20ng,4
ikalaua,4
ikam,4
ikasyon,4
ikapa,4
ikalabinglima,4
ikaseselos,4
ikasasanhi,4
ikinaloloka,4
ikakalugod,4
ikalawangkamatayan,4
ikinaluluwalhati,4
ikawyung,4
ikapahiya,4
ikinanginig,4
ikaaaaw,4
ikakalabas,4
ikatawa,4
ikalawang-hulaan,4
ikinaselos,4
ikapagpapabago,4
ikaubos,4
ikakalibog,4
ikasuka,4
ikarete,4
ika-20siglo,4
ikakabago,4
ikaputol,4
ikanin,4
ikinatatangï¿½ï,3
ikapital,3
ikalawang-anak,3
ikawangbuhay,3
ikinaiinip,3
ikawasaki,3
ikawnangaang,3
ikatlongyugto,3
ikinambal,3
ika-29ng,3
ikalawangpagdating,3
ikapagtitibay,3
ikapangangaral,3
ikinabet,3
ikawlangangiibiginko,3
ika-35th,3
ikaw.kaya,3
ikinabuwis,3
ikatitiyak,3
ikawnag,3
ikadadagdag,3
ikinapintig,3
ikinasulong,3
ikatlongpartido,3
ikawf,3
ikawangmahal,3
ikalas,3
ikayikay,3
ikatlongdaigdig,3
ikasisisi,3
ikinaka-proud,3
ikawdin,3
ikakapanget,3
ikinagat,3
ika-18th,3
ika-8th,3
ikarindi,3
ikinababagabag,3
ikataranta,3
ikinalikaw,3
ikinaaasar,3
ikalawaat,3
ikinaaabot,3
ikalawangaraw,3
ikakabusog,3
ikababawas,3
ikawiwili,3
ikawangdahilan,3
ika-sandaang,3
ika-l,3
ikahatag,3
ikabago,3
ikahihina,3
ikawangiibigin,3
ikinabungisngis,3
ikinabilis,3
ikinabaling,3
ikalawangmarkahanbalangkas,3
ika-animnapung,3
ikinatha,3
ika-7th,3
ikinatupok,3
ikabilang,3
ikalawangyugto,3
ika-anum,3
ikinagana,3
ikatiwala,3
ika-ilang,3
ikad,3
ikaka-ayos,3
ikinabalik,3
ikandidato,3
ikalkal,3
ikinatulala,3
ika-5th,3
ika-i,3
ika-31st,3
ikawdi,3
ikaualo,3
ikalalalim,3
ikinais,3
ikinatirik,3
ikamangha,3
ikakabig,3
ikinagugusto,3
ikawtanging,3
ikalaboso,3
ikakamamatay,3
ikamada,3
ikinabilog,3
ikalulubog,3
ikatutumpak,3
ika-11th,3
ikatagumpay,3
ikanan,3
ikatatanyag,3
ikakapangit,3
ikabulag,3
ikakabubuhay,3
ikinaasiwa,3
ikakapakinabang,3
ikalaang,3
ikinatama,3
ikawangkasama,3
ikinabwisit,3
ikapagtataka,3
ikaaalis,3
ikakikilig,3
ikinakas,3
ikatlongrepublika,3
ikinangiwi,3
ikasisindak,3
ikina-bubuhay,3
ikalaawang,3
ikayog,3
ikakalinaw,3
ikaaalam,3
ikinatatangi,3
ika-labinlima,3
ika-n,3
ikina-shocked,3
ikasibak,3
ika-4th,3
ikinanonisa,3
ikagaling,3
ikinatatampo,3
ikalulugmok,3
ikinakatsang,3
ikapagwawagi,3
ikinaluha,3
ikinasusuklam,3
ikakapahiya,3
ikinabitin,3
ikinalugmok,3
ika-13kabanata,3
ika-uunawa,3
ikababalik,3
ikatiwasay,3
ikaputok,3
ikinatataas,3
ikaasar,3
ikawanglaginghanap,3
ikakapasa,3
ikakatalino,3
ika-apatna,3
ikalulumbay,3
ikawangnumber,3
ikinaisip,3
ika-labing-walong,3
ikawlangatakoang,3
ikakaluwag,3
ikalabing-dalawa,3
ikakalkula,3
ikinakanal,3
ikakasera,3
ikinaganap,3
ikalaki,3
ikatlaong,3
ikaloka,3
ikakikita,3
ika-29th,3
ikapagsisisi,3
ikinakawag,3
ika-38th,3
ikabayad,3
ikinababahalang,3
ikatha,3
ikamumuhi,3
ikinaaaliw,3
ikasabog,3
ikagaan,3
ikinainggit,3
ikinapipinsala,3
ikatatampok,3
ikinabubusog,3
ika2matay,3
ikapunit,3
ikasusumpa,3
ikina-iba,3
ikinawalan,3
ikatabang,3
ikinadidismaya,3
ikano,3
ikatitino,3
ikakanyod,3
ikatataba,3
ikararapa,3
ika-4nh,3
ikakatay,3
ikapapanganib,3
ikaruruwa,3
ikayayabong,3
ikapapakinabang,3
ikinalokah,3
ikamot,3
ikakarir,3
ikauunladng,3
ikalawangpagkakataon,3
ikalagot,3
ikawmahal,3
ikaw.ako,3
ikinagwapo,3
ikapagbabalik-loob,3
ikinayod,3
ikapikon,3
ikarir,3
ika-28th,3
ikasuklam,3
ikalalawak,3
ikayayanig,3
ikalaimang,3
ikasabik,3
ika-aayos,3
ikinagigil,3
ikinakikilig,3
ikasampungbahagi,3
ikayhindi,3
ikakaproud,3
ika-dalawamput-isang,3
ikaloob,3
ikaawww,3
ikapanalo,3
ikinahirap,3
ikinabuntong,3
ikinawalang,3
ikinasisiyang,3
ikina-angat,3
ikina-bigla,3
ikakairita,3
ikaproud,3
ikai,3
ikakatanggal,3
ikatlo.,3
ikasala,3
ika-8ng,3
ika-5ng,3
ikalugmok,3
ika-guilty,3
ikinatayo,3
ikinayayamot,3
ikinakabaliw,3
ikaymahal,3
ikalilinang,3
ikasasagana,3
ikalawag,3
ikatakotang,3
ikakabawas,3
ikinangng,3
ikakaiyak,3
ikalawanglinggo,3
ikaisang,3
ikawatikaw,3
ikaligiran,3
ika-sorry,3
ika-sandaan,3
ikakaoffend,3
ikaeenjoy,3
ikakambyo,3
ikawaysakin,3
ikawikawikawikaw,3
ikalabingisa,3
ikinahihirap,3
ikinasong,3
ikaaamin,3
ikapitung,3
ika-117th,3
ika-6na,3
ikina-ngiti,3
ikinakasakit,3
ikinahimatay,3
ikinakargang,3
ikakamot,3
ikinaresulta,3
ikakatok,3
ikaika,3
ikatlon,3
ikabataan,3
ikawpero,3
ikawwwww,3
ikagganda,3
ikalawang-pinakamalaking,3
ikinapilipit,3
ikinakikiliti,3
ikinalunod,3
ikadudurog,3
ika-30ng,3
ikalabindalawa-pinakamahabang,3
ikakabaliw,3
ika-labingpito,3
ikaloloka,3
ikinaluwag,3
ika-21-siglong,3
ikakait,3
ikaiba,3
ikatambag,3
ikaapat.sa,2
ikaanim.sa,2
ikinaiib,2
ikawpunan,2
ikinacait,2
ikinasasabik,2
ikawparinangsinisigaw,2
ikapanaig,2
ikalawamg,2
ikinapapanatag,2
ika-32anibersaryo,2
ikinapayat,2
ikina-iinis,2
ikarurunong,2
ikawangnaismakasama,2
ikinahihinayang,2
"ikaw,pag-ibig",2
ikawalongsiglo,2
ikinakahiyang,2
ikaapatnamarkahan,2
ikawkailangan,2
ikawangligaya,2
ikaklase,2
ikatlong-mata,2
ikawnasa,2
ikawmaging,2
ikalawangdinastiyang,2
ikalawangkabihasnang,2
ikinatlo,2
ikatlumpung,2
ikapitumpong,2
ikinalalakas,2
ikinarta,2
ika-nth,2
ikabu2ti,2
ika-100ng,2
ika-31anibersaryo,2
ikapapayat,2
ikalimangtaon,2
ikalubog,2
ikakasawi,2
ika-linya,2
ikalso,2
ikatatlongpu,2
ikaani,2
ikada,2
ikinatunaw,2
ikaluluha,2
ikawkatotohanan,2
ikawdangal,2
ikaginhawa,2
ika-24th,2
ikakalago,2
ikadalawamput-apat,2
ikinadenang,2
ika-iv,2
ikawlamangaking,2
ikinalawit,2
ikakakbuti,2
ikatunaw,2
ikawpuso,2
ikinababahal,2
ikakamay,2
ikinaputi,2
ika2unlad,2
ikina-lo-loka,2
ikinaligtas,2
ikinatitisod,2
ika-52nd,2
ikinapangamba,2
ikinapopoot,2
ikabet,2
ikalabing-walo-siglo,2
ikinauunlad,2
ikabubusog,2
ikinasilaw,2
ikaw/kau,2
ikagen,2
ika-crop,2
ikalawangkonsilyo,2
ikahihiwalay,2
ikinasuspinde,2
ikinapagiging,2
ikabibigo,2
ikawparinanghinahanapngpuso,2
ikadalawamputdalawa,2
ikasosorpresa,2
ikinapagtataka,2
ikawlamangangakingiibigin,2
ikinamulat,2
ikamammatay,2
ikamamalas,2
ikatlong-gawad,2
ikacopy,2
ikawako,2
ikahahanga,2
ikalat-kalat,2
ikinari,2
ikalita,2
ikalawang-klaseng,2
ikinaklasipika,2
ikanalibog,2
ika-100th,2
ikawkapag,2
ikinatatalo,2
ikinalaboso.sa,2
ikawlangangakingmahalang,2
ika-119th,2
ikaw.ngunit,2
ikaanin,2
ikabubti,2
ika-ila,2
ikina-bad,2
ikatwa,2
ikinalulungkkot,2
ikaw.na,2
ikinakailangang,2
ika-trese,2
ikawjaycob?one,2
ikalawa.hindi,2
ikinapital,2
ikasi,2
ikinauungol,2
ikapitong-glorya,2
ika-34th,2
ikakatwirang,2
ikaaahon,2
ikabahal,2
ikinakaloob,2
ikamumulat,2
ikangatog,2
ikamuhi,2
ikapoot,2
ikasopog,2
ikatago,2
ikakahambog,2
ikanatok,2
ikinapikit,2
ikapag,2
ikauulad,2
ikatutwa,2
ikabalaka,2
ikaluwag,2
ikaalimang,2
ikinakadkad,2
ikinaguguluhan,2
ikatok,2
ikanal,2
ikinatanggal,2
ikina-gulat,2
ika-galit,2
ika-pitongtatak,2
ika-40ng,2
ikinakatwa,2
ikaaksidente,2
ikatlo?a,2
ikinagaganito,2
ikinakahong,2
ikinatalino,2
ikawkaya,2
ikalimang-pinakamataas,2
ikatatawid,2
ikinalambot,2
ikare-relax,2
ikahihilo,2
ikinalulugi,2
ikaalam,2
ikaaa,2
ikapapalagay,2
ika-upat,2
ika-baynte,2
ikalalabas,2
ikawiibigin,2
ikakainit,2
ikawngaang,2
ikaw?hipon,2
ikinakuha,2
ikinanganga,2
ika-pang,2
ikatlongpagkakataon,2
ikapakaon,2
ikinapa,2
ikadarakila,2
ikalawangpalapag,2
ikina-dismaya,2
ikinaikot,2
ikasamfung,2
ikinatuwan,2
ikaliliit,2
ikalat.ang,2
ikinabulabog,2
ika-bitter,2
ikalawangmarkahanang,2
ikalawangmarkahanobjectivessa,2
ikalawangmarkahanako,2
ika-classify,2
ikakaproblema,2
ikaanimnapu,2
ikinauntog,2
ikinaiksi,2
ikakabog,2
ikategoryang,2
ikinakategoryang,2
ikalulubos,2
ikawkahit,2
ikina-depress,2
ikinatagal,2
ikakadown,2
ikalikot,2
ikaliwang,2
ikinakanyod-kanyod,2
ikawatakoparin,2
ikawanglaging,2
ikawlamanglagi,2
ikawlangtalaga,2
ikinaipit,2
ika-sisira,2
ikinatulo,2
ikinabibigat,2
ikinapasalamat,2
ikasunog,2
ikakanlong,2
ikaw?haha,2
ika-2o,2
ikinabibighani,2
ikapitong-langit,2
ikampi,2
ikinaramdam,2
ikatlong-buwan,2
ika-cache,2
ikinatanyag,2
ikinaaga,2
ikayo,2
ikaping,2
ika-9hanggang,2
ikagulantang,2
ikinauukulan,2
ikaingit,2
ikakadakila,2
ikinaasim,2
ika-thank,2
ikina-ingay,2
ikailaliman,2
ikakasi,2
ikalain,2
ikagagandang,2
ikabil,2
ikinawang,2
ikalalambot,2
ikadalwa,2
ikabubute,2
ikatllo,2
ikalawanag,2
ikakasya,2
ikinakabig,2
ikinabali,2
ikinahang,2
ika-siglo,2
ikareo,2
ikinahig,2
ikapaghahari,2
ikaay,2
ikakulong,2
ikina-badtrip,2
ikalawang-paghula,2
ika-gu-gulat,2
ikasandaan,2
ika-stress,2
ikalawangdigmang,2
ikakatiwasay,2
ikinana,2
ika-sira,2
ikinakakahiya,2
ikinakakaba,2
ikatutuwang,2
ikakasilbi,2
ikapagpapahamak,2
ikinai-excite,2
ikakapal,2
ikawwala,2
ikawawasto,2
ikap-at,2
ikinamutla,2
ikinaconscious,2
ikawatakoatakoatikawat,2
ikahagikgik,2
ikakatawan,2
ika-apat-na-pung,2
ika-pitompu,2
ikadalawampu''t,2
ikatatlumpu''t,2
ika-6ng,2
ikina-trauma,2
ikapitoy,2
ikandong,2
ikakapuna,2
ika-disqualify,2
ikapagpapalaganap,2
ikamang,2
ikalawahanggang,2
ikinalu-lungkot,2
ikinaluwa,2
ikakabastos,2
ikinayayaman,2
ikinabugnot,2
ikabugnot,2
ikakapamahak,2
ikattuwa,2
ika-8ela,2
ikinasusuklaman,2
ikatiwalag,2
ikapati,2
ikaisanlibong,2
ikinapuyos,2
ikalakas,2
ikinakadyot-kadyot,2
ikinatindig,2
ikagulo,2
ikaora,2
ikawayparasakin,2
ikawnagiisang,2
ikabubukas,2
ikadakip,2
ika-labinglimang,2
ikawparinikaw,2
ikaklasipika,2
ikapaligiran,2
ikinahinto,2
ikakasabat,2
ikapanghatag,2
ikinanti,2
ikinadulas,2
ika-apekto,2
ika-labing-tatlong,2
ikatlong-mundo,2
ikaykanyang,2
ikakukumpleto,2
ikangiti,2
ikaimang,2
ikaa!ang,2
ikatutuklas,2
ikalalala,2
ikawatangsistemangserbisyongpangkalusuganangpolyetongimpormasyonnaitoaynasamga10serye.angkompletongset,2
ikakapayapa,2
ikalabuso,2
ikawlanganggustoko,2
ikawaymahalin,2
ikinarsel,2
ikalawang-order,2
ikawra,2
ikakalma,2
ikinadahilan,2
ikatlong-taong,2
ika-labingisa,2
ika-74th,2
ikapipintas,2
ikinasugapa,2
ikinahulugan,2
ika-dalampu,2
ikinategoryang,2
ikasasal,2
ikaw?may,2
ikaw.a,2
ikahol,2
ikinadamay,2
ikalawan,2
ikahig,2
ikakagusto,2
ika-second,2
ikawlangangmahal,2
ikinaiinit,2
ikauunladngbayan,2
ikakalaboso,2
ikina-react,2
ikinadawit,2
ika-4ng,2
ikaka-stress,2
ikapakita,2
ikalumbabam,2
ikinabakla,2
ikinapupuno,2
ikatutunaw,2
ikina-matay,2
ika-labingtatlo,2
ikinalalayo,2
ikawman,2
ikawmay,2
ikabubuhay.mateo,2
ikinabububuhay,2
ikatat,2
ikama-matay,2
ika-bahala,2
ikakansel,2
ikasasabik,2
ika-2nd,2
ikakaswerte,2
ikinalso,2
ikina-galit,2
ikinasasarap,2
ikawanglaman,2
ikawikawikawangnumber,2
ika-12th,2
ika-labinglima,2
ikappahamak,2
ikinaitim,2
ikaws,2
ikinaiila,2
ikainsecure,2
ikinabaon,2
ikinagiging,2
ikawparinanginiibigko,2
ika-matay,2
ikinapanginig,2
ikalabin-tatlong,2
ikaymahalpa,2
ikinagu,2
ikampana,2
ikaaasenso,2
ikina-cool,2
ikalawang-digmaang,2
ikalligaya,2
ikinae-excite,2
ikinagukat,2
ikahina,2
ikakalaya,2
ikina-panic,2
ikasisirang-puri,2
ikaiintindi,2
ikakatha,2
ikareresolba,2
ikinatatakutan,2
ikahingi,2
ika-capture,2
ikinaseselos,2
ikakawala,2
ika-anin,2
ikayaking,2
ikinaulol,2
ikatlong-usok,2
ikasampong,2
ikakalinis,2
ikinahigpit,2
ikinapunit,2
ikinalolooy,2
ikagagalng,2
ikalim,2
ikatl,2
ikawalng,2
ikakasl,2
ikapuri,2
ikapapariwara,2
ikaririlag,2
ikinaloob,2
ikinahiga,2
ikalawang-pamagat,2
ika-11siglo,2
ikinabubuhayekonomiya,2
ika-26th,2
ikinanlong,2
ika-labimpito,2
ikakampi,2
ika-dalampung,2
ikinasingkit,2
ikakamusta,2
ikaw.ikaw,2
ikanakahiya,2
ikawikawna,2
ikinasibak,2
ikaka-shock,2
ikawindang,2
ikinagiba,2
ika-75th,2
ikinasurpresa,2
ikakakuntento,2
ikatolong,2
ikaopat,2
ikabisa,2
ikapananatiling,2
ikinabagok,2
ikakahuli,2
ikawt,2
ikina-tense,2
ikalimangsesyon,2
ikatlongsesyon,2
ikalawangsesyon,2
ika-amin,2
ikaw.sa,2
ikatatama,2
ika-200th,2
ika2buti,2
ikapagta-tagumpay,2
ikinabingit,2
ikala.ang,2
ikalimang-graders,2
ikatatakbo,2
ika-isandaa,2
ikasasya,2
ikahanga,2
ikalundag,2
ikawnalang,2
ikatatanggal,2
ikasong,2
ikakasaayos,2
ikaulaw,2
ikakakaba,2
ikakahirap,2
ikinapanic,2
ika-angaw,2
ika-bubuti,2
ikinatuyo,2
ikinayuko,2
ikanasal,2
ikalawangdakilang,2
ikinapaso,2
ikapuay,2
ikawangtangingmahal,2
ikatlonggabi,2
ikinakasiya,2
ikawand,2
ikanang,2
ikinahong,2
ikapipilay,2
ikapipilay,2
ika-gaganda,2
ikaririnig,2
ikalinga,2
ika-lawa,2
ikaiiba,2
ikinatwa,2
ikinapangit,2
ikawkung,2
ika-calibrate,2
ikatataranta,2
ika-27th,2
ikasorry,2
ikaangat,2
ikawlanganglaman,2
ikawlanganglamanngpuso,2
ikawpalaang,2
ikakagwapo,2
ikawefeso,2
ika-walumpu,2
ikawalumpu,2
ikasakal,2
ika-klaro,2
ikinakulo,2
ikabibilanggo,2
ikadadali-say,2
ikakasalsa,2
ikakakulong,2
ikinasadlak,2
ikatitigil,2
ikakadali,2
ikaamin,2
ikahuhulog,2
ikakapula,2
ika-uunland,2
ikawtalaga,2
ikawparinikawparin,2
ikinabubuwisit,2
ika-tlong,2
ikawayakinpa,2
ikalawaniyang,2
ikaibigan,2
ikasampu-pinakamalaking,2
ikawdiyos,2
ikina-blush,2
ikatloay,2
ikinaaapi,2
ikapitang,2
ikalaglag,2
ikayupi,2
ikasubsob,2
ikawrself,2
ikawlyrics,2
ika-9ng,2
ika-3ng,2
ikatlo-ikaapat,2
ikaw?ang,2
ikinaliwanag,2
ikalilipol,2
ikinalakihan,2
ikatlona,2
ika-quarantine,2
ikawpaang,2
ikawanghanaphanap,2
ikawnaay,2
ikawem,2
ikaasenso,2
ikasabi,2
ikapanunumbalik,2
ika-42nd,2
ikahapis.saan,2
ika-labin-dalawang,2
ikawalan,2
ika-labinwalong,2
ikakas,2
ikawwwwww,2
ikadidismaya,2
ikinakakagat,2
ikapalagay,2
ikapagpapatibay,2
ikinakalungkot,2
ikawaylumayona,2
ikaliligaw,2
ikakatwa,2
ikawpalagi,2
ikatlongmata,2
ikatlongmataay,2
ikakalaki,2
ikinalapit,2
ikanalat,2
ikawc,2
ikatutuw,2
ikabibihis,2
ikinatuwa-ang-bagong-kasunduan-para-sa-bangsamoro,2
ikinatang,2
ikatatayog,2
ikapapangit,2
ikinasawing,2
ikatlong-degree,2
ikawanong,2
ikinakagulat,2
ika-kaba,2
ikawanghinahanap,2
ikatutwid,2
ikapapatid,2
ikakalap,2
ikapon,2
ikinaubos,2
ikauubos,2
ikinahahanga,2
ikalimay,2
ikinamalig,2
ikamalig,2
ikanatutuwa,2
ikaha,2
ikarera,2
ika-39th,2
ikaawang,2
ikababango,2
ikakabango,2
ikakaliwa,2
ikamuhian,1
ikataka,1
ikinararami,1
ikadumi,1
ikinakabayo,1
ika-25-jan,1
ikinadudurog,1
ikinaiktad,1
ikinasunog,1
ikinalulungkot.walang,1
ikabubuwisit,1
ikalawaang,1
ika-alarma,1
ikabalaha,1
ikaw.e,1
ikaglit,1
ikaglitsapagkat,1
ikahiy,1
ikaib,1
ikinabila,1
ikabubuti.tandaan,1
ikinagalak.sa,1
ika-120th,1
ikawlangangtanging,1
ikaka-lowbat,1
ikadadatnan,1
ikaw/nasa,1
ikakalburo,1
ikamong,1
ikapaliliwanag,1
ikinatenpeys,1
ikatlongbahagi,1
ikinapapaso,1
ikamatay.mali,1
ikasisimula,1
ikapag-tatagumpay,1
ika-sampung-pito,1
ikinaluluksa,1
ikapitong-sunod,1
ikatlong-sunod,1
ikakasisiya,1
ikaka-inggit,1
ikahahanapbuhay,1
ikalawapangyayari,1
ikawchi,1
ika-19na,1
ika-benteng,1
ikinabago,1
ika-dalawanpung,1
ika-pat,1
ika-categorized,1
ikinaiiyak,1
ikaaaaaaaaww,1
ikahan,1
ikinakarangal,1
ika-asar,1
ikapaghuhugas,1
ikawgamit,1
ika-sakyan,1
ikinakatiwran,1
ikinamï¿½ï¿½m,1
ikinayï¿½ï¿½y,1
ikinasï¿,1
ikinagagalac,1
ikinararapat,1
ikinagalac,1
ikinatatangï¿½,1
ikinatï¿½ï¿½t,1
ikinararangï¿½ï,1
ikinatatangï¿,1
ikinahihiwalay,1
ikalimï¿½ï,1
ikinacarga,1
ikinalaguï¿½,1
ikinapaguï¿½ï¿½g,1
ikinasï¿½ï¿½,1
ikinacagat,1
ikinamatï¿½,1
ika-29-ng,1
ikawydambuhalangbusilakngbagwis,1
ikakalso,1
ikataas-taasan,1
ikasisisrang,1
ikaw?strawberry,1
ikinaninerbiyos,1
ikalawangbeses,1
ikakapagpasalamt,1
ikay!fight!fight,1
ikawangnasaisipko,1
ikinagulatpagkat,1
ikabahalang,1
ikatatayo,1
ikaluluwalhati.sa,1
ikinagimbalng,1
ikinaayaw,1
ikaliligtas?ang,1
ikawwag,1
ikayama,1
ikakagagalit,1
ikagante,1
ikakapuri,1
ikawpag-ibig,1
ikawhumihinto,1
ikawï¿½ï¿½ï¿½,1
ikalamapag,1
ika-calendar,1
ikinakasana,1
ikakilig,1
ikadarangal,1
ika-career,1
ikinai,1
ikakanuti,1
ikinatitig,1
ikakksl,1
ikinakasaluploaded,1
ikaw-maagang,1
ikabaylo,1
ikina-aangat,1
ikawlong,1
ikapahahamak,1
ikakakabaliw,1
ikakalito,1
ikalembang,1
ikakasulonghindi,1
ikakatubos.ngayon,1
ikawandaya,1
ikalawang.www.bcmidwives.com,1
ikinangsaayunan,1
ikapu?international,1
ikawlangpag,1
ikawlangangpag,1
ikinabiglang,1
ikawlangangnasapusoko,1
ikakapu,1
ikabububay,1
ikalawangrepublika,1
ikaka-absent,1
ikalawangpangungusap,1
ikaw!yerese,1
ika-80-taong,1
ika-pitoat,1
ikaybumaba,1
ikaw.aking,1
ikaynaririto,1
ikaymamamatay,1
ika-5talata,1
ikaka-sama,1
ikaka-buti,1
ikinagaganiyan,1
ikinagaganyan,1
ikatakbo,1
ikasalubong,1
ikinarindi,1
ika-end,1
ikinatalikod,1
ikinapaling,1
ikaatbang,1
ikatatahimk,1
ikinangingitngit,1
ikinararaos,1
ikawalonggradona,1
ikaapatatikalimanggrado,1
ikinabbaaliw,1
ika-ilan,1
ikawiwiling,1
ikabadtrip,1
ikahahasa,1
ikasisibak,1
ikaw-maghahandog-ng-makadiyos-na-paglilingkod,1
ikakaasa,1
ikali-ligtas,1
ikaw.pinupuri,1
ikaw.sinisinta,1
ikawhttp,1
ikakakabuti,1
ikina-ganda,1
ikinalalagot,1
ikatlong-kapat,1
ikinaaaring,1
ikaka-disappoint,1
ikahiyang,1
ikina-tahimik,1
ikalawanglayer,1
ikadkad,1
ikinababaltik,1
ikakasal.pagpasok,1
ikaanim-ikapitong,1
ikawtandaan,1
ikabubiti,1
ikinabubuhay.kaya,1
ikaw.my,1
ikalimangpu,1
ikinapinsala,1
ikina-iskandalo,1
ikapitosampung,1
ikina-crank,1
ikawnagsagawa,1
ikawmanigong,1
ikakashock,1
ikinaweird,1
ikinaka-kaba,1
ika-73rd,1
ikinalabo,1
ikinaboso,1
ikambio,1
ikakatagal,1
ikinatiwa,1
ika/sampong,1
ikinatatanggi,1
ikasalan,1
ikaaaaaaaawwwww,1
ikabahala?o,1
ikaw?kasalanan,1
ikinamalas,1
ikinanunot,1
ikasatuparanat,1
ikinaaayaw,1
ikinaospital,1
ikawdagdagan,1
ikalulusaw,1
ikinapareha,1
ikaymakakapahingang,1
ika-move-on,1
ikalimangsulatni,1
ikakatamo,1
ikawlangangmamahalinikawang,1
ikinangingisay,1
ikauunlad.sa,1
ikababagay,1
ikagigiya,1
ikinatutungo,1
ikabubut,1
ikaw.god,1
ika-labingdala,1
ika-pitung,1
ikaawi,1
ikinatuwirang,1
ika-isangdaan,1
ikaapatnaput-apat,1
ikanulo,1
ikadulo,1
ikinakalatang,1
ikaw.ano,1
ikakbuti,1
ikaw-at,1
ika-u-unlad,1
ikinaluksa,1
ikakasta,1
ika-118th,1
ikinabubuhya,1
ikapanatag,1
ikamarau,1
ikakalason,1
ikinaluwalhati,1
ikabubulag,1
ikinadidimaya,1
ikaiiwas,1
ikinalasing,1
ika-16kongreso,1
ikaka-solve,1
ikawaymalapitdin,1
ika-kasang,1
ika-apats,1
ikaw-ano,1
ikawwsad,1
ikaka-preserba,1
ikakatubos,1
ikinaukulan,1
ikakalawkaw,1
ikabali,1
ikawkusang,1
ikaslibo,1
ika-kinse,1
ikinahiyaang,1
ikinalalagi,1
ikanataka,1
ikaw.rule,1
ikakawasak,1
ikinandidatosiyï¿½ï,1
ikalawasiyï¿,1
ikinasala,1
ikinasalnoong,1
ika/imang,1
ikat/ong,1
ika/a2ang,1
ikay?are,1
ikinaluban,1
ika-vii,1
ikinadyot-kadyot,1
ika-33rd,1
ikinaririkit,1
ikatad,1
ikaw!uu,1
ikaanis,1
ika-eighth,1
ikaatake,1
ikinakanatot,1
ikanga.sinobaanginlovenainlovedito?paanobatumitigangisangtaonanakakaramdamngmatindingpagmamahal?angtitigniinaymariaaytitignamaymapagkalingangpagmamahal,1
ika150taong,1
ika-cheneling,1
ikaw-browse,1
ikakalikot,1
ikaw.pdffree,1
ikinakunsumi,1
ikapagdabog,1
ikaw.pdf,1
ikinatitiklop,1
ikinasisimangot,1
ikaluluksa,1
ikakadahilan,1
ikatlongbuwan,1
ikapitongtalk,1
ikalimangpanayam,1
ika-430anibersaryo,1
ikalwangbahagi,1
ikabangas,1
ikinabunot,1
ika-anom,1
ikinatimbuwang,1
ikinatulog,1
ikawangon,1
ikalago,1
ikasasalba,1
ikallakas,1
ikabahala.humugot,1
ikasal.naku,1
ika-18pinakamalaking,1
ikinarereklamo,1
ikayhanap,1
ikawlamang.f,1
ikabubuntis,1
ikata,1
ikapanget,1
ikalawangtermino,1
ikabitbname,1
ika-aaliw,1
ikawnang,1
ikinawawaglit,1
ikawmakikita,1
ika-tatio,1
ikamamamtay,1
ika-6-utos,1
ikinabongg,1
ikinabongga,1
ikinararangyadiyamante,1
ikauunladpatungo,1
ikatlongtawag,1
ikandadoito.pagsisimula,1
ikinadiliryo,1
ikinawag-kawag,1
ikaw.teh,1
ikaw?kaya,1
ikakabut,1
ikapu?at,1
ikawanguna,1
ikaw!ikaw,1
ikaw?paanong,1
ikaw?ikaw,1
ikaw@thezeerocool,1
ikawlangatikawlang,1
ikakaiinggit,1
ika-5hakbang555-555-5555john,1
ikinabubuhaysa,1
ikinagago,1
ika-cuarenta,1
ikapagsabi,1
ikabubuga,1
ika4y,1
ikatutu,1
ikaluban,1
ika-ala,1
ikalawangpagbabalik,1
ikinababakla,1
ikina-injure,1
ikinabubuhay.dapat,1
ikalilinas,1
ikaaaaaaaww,1
ika-pitongaraw,1
ika-11aralinpag-aralan,1
ikaluluoy,1
ika-io,1
ikaliwa,1
ikadidisiplina,1
ika-labing-dalawa,1
ikabubuhay.dahil,1
ikahulugang,1
ikatlong-pinakamataas,1
ikaapot,1
ikalimang-pinakamayamang,1
ikapupudpod,1
ikangingilo,1
ikawwww.azlyrics.com,1
ikinatutuwaang,1
ikalawanglayunin,1
ikalawangpagkakabilanggo,1
ikalawangliham,1
ikatlongtaong,1
ikalalimangulat,1
ikaliligtasng,1
ikalawangpaglalakbay,1
ikinapaghirap,1
ikalawangtemplo,1
ika-ala-sais,1
ikinabuburat,1
ikawangbuhaykoang,1
ikapagtuturing,1
ikapagsabing,1
ikawrepeat,1
ikawsakaling,1
ika-tutuwa,1
ikaw?gimik,1
ika-labin-tatlong,1
ikinabubuhayay,1
ikaw.@yabiiyabii,1
ika-kapit,1
ikinahihiyangisama,1
ikinasal?ikinasal,1
ikasal.kasal,1
ikalong,1
ikasasay,1
ikawwwwwwww,1
ikawmahalikawang,1
ikakaen,1
ikinabaligtad,1
ikinatumbling,1
ikinasi,1
ikaaway,1
ikinalibang,1
ikawaylaging,1
ikagi-guilty,1
ikadudugo,1
ikabibigat,1
ikinatias,1
ikapilipit,1
ikinakaloka,1
ikakahusga,1
ikawmissed,1
ikinabangon,1
ikinalulugmok,1
ikinagunaw,1
ikasaplala,1
ikaming,1
ikinatatatag,1
ikinatatag,1
ikawmula,1
ikakasalpa,1
ikina-iirita,1
ikinakat,1
ikayan,1
ikinakalikot-likot,1
ikareresulta,1
ikawwow,1
ikinasirs,1
ikinapait,1
ikinangisay,1
ikinaubo,1
ikinakunot-noo,1
ikakaangal,1
ikadaragdag,1
ikinamulagat,1
ikinakaway-kaway,1
ikinagugutom,1
ikasampung-anibersaryo,1
ika-over,1
ikakasadlak,1
ikina-ba-badtrip,1
ikadadakip,1
ikakaalis,1
ikalabing-kaarawan,1
ikakasirang,1
ikakawindang,1
ika-saandaan,1
ikawmanggugulo,1
ikaw.read,1
ikapupuno,1
ikaaresto,1
ikinasalsina,1
ikabangga,1
ikinatamlay,1
ikatatanggap,1
ikapagtatatag,1
ikaligayang,1
ikawiwindang,1
ikaw??@deyybiddd,1
ikaw?plastic,1
ikalawangbahagi.sa,1
ika-ingay,1
ikakaltasang,1
ikahalili,1
ikinaka-bongkang,1
ikinadudumi,1
ikadulot,1
ikinabugbog,1
ikinahi2rap,1
ikagag,1
ikinasisigaw,1
ikinabobo,1
ikancel,1
ikatlongpu,1
ikaw.b3n,1
ikantyaw,1
ikapatid,1
ikadakila,1
ikasawi.baka,1
ikinagiginhawa,1
ikinasangkotan,1
ikalabingsiyanm,1
ikaiingat,1
ikina-off,1
ikapapo,1
ikakita,1
ikawangprinsesa,1
ikaaayaw,1
ikawkala,1
ikanubuti,1
ikawchienabelles,1
ikawrt,1
ikawal,1
ikakilala,1
ikawtapos,1
ikawnangaikawnangasana,1
ikawnangasana,1
ikinamatay.nang,1
ikinakabit!hahahaha!fine,1
ikamu,1
ika-inselucky,1
ikairita,1
ikatucited,1
ikaw_ikaw,1
ikaw_ika,1
ikaladalawamput,1
ikinatangis,1
ikapagkapareho,1
ikatlongutos,1
ikaymagiging,1
ikatlonganghel,1
ika-11dantaon,1
ikatloat,1
ikaapatnadantaon,1
ikaaliw,1
ikailan,1
ikinaliligtas,1
ikaka-successful,1
ikinaurong,1
ikakasisisra,1
ikaw.hindi,1
ikatyong,1
ikawatakoy,1
ikasal.kaya,1
ikinapalag,1
ikinadikit,1
ikaw?sino,1
ikaapa,1
ikinasahol,1
ikatatawa,1
ikaw!ambisyosang,1
ikaw-sa,1
ikaharong,1
ikatotodas,1
ikalunas.,1
ika-luka,1
ikinatay,1
ikakadismaya,1
ikap1tong,1
ika-550ng,1
ika-450ng,1
ika18ng,1
ika-350ng,1
ikauuunlad,1
ikinapuspusang-tuwa,1
ikasangkapan,1
ikatlongkonstitusyon,1
ikatlong-ikaapat,1
ika-gadan,1
ika-iii,1
ika-sandaa,1
ikakatulong,1
ika-139th,1
ikinabubuhay.mykee,1
ikaw!ice,1
ikaw.ice,1
ikaka-forfeit,1
ikinalingat,1
ikinakataba,1
ika-9na,1
ikalawangsuspensyon,1
ikinatu-wiran,1
ikina-sal,1
ikalulundag,1
ikinapayak,1
ikinakahiya.kaya,1
ikaw.angkin,1
ikalawang-tip,1
ikasalmore,1
ika6nautos.ganito,1
ika2bit,1
ikamatay.dahil,1
ikalawangmarkahanmay,1
ikalawangmarkahanito,1
ikalawangmarkahanumunlad,1
ikalawangmarkahanhanggang,1
ikalawangmarkahanmayroon,1
ikalawangmarkahanmatatagpuan,1
ikalawangmarkahanbalangkaspaghina,1
ikalawangmarkahanpinagmulan,1
ikalawangmarkahanpinagkukunang,1
ikalawangmarkahankabihasnang,1
ikalawangmarkahanobjectives,1
ikalawangmarkahanbalangkaskontinente,1
ikinakatulog,1
ikalulunos,1
ika-panibulos,1
ikinahihiyayata,1
ikauun,1
ikaganapn,1
ikabubunsod,1
ikababahaw,1
ikatutuloy,1
ikinalupign,1
ikinasusuya,1
ikinabunsod,1
ikinahahalay,1
ikabalinon,1
ikinatanong,1
ikakimi,1
ikaaabot,1
ikasaid,1
ikalawang-bunso,1
ikakabitb,1
ikalawangpinakamatandang,1
ikatskot,1
ikaynagsisisi,1
ikayano,1
ikalabindalaway,1
ikalabing-isay,1
ikasampuy,1
ika-waloy,1
ikatloykalsedonya,1
ikawaloang,1
ikaligtas.mga,1
ika-dalawamputdalawang,1
ika-dalawamputisang,1
ika-tatlongput,1
ika-tatlongpung,1
ikapitongkalangitan,1
ika-labing-pinakamaliit,1
ikawmaglakad,1
ikani-gusto,1
ikamera,1
ikalimangdaang,1
ika-sheet,1
ikatlong-sa,1
ikambiyong,1
ikinawag,1
ikaiigsi,1
ikasulung,1
ikawparinangiibigin,1
ikalologmok,1
ikalawang-ikatlong,1
ikalabintatlonng,1
ikasaysayan,1
ikawtama,1
ikakasay,1
ikawa-cho,1
ika-selos,1
ikasiyam-na-langit,1
ikinatus,1
ikabubuhay.kaibigan,1
ika-rangal,1
ikalawangpag-aatasang,1
ikah,1
ikalawa-tatlo,1
ikakatisod,1
ikawlamangangkailangan,1
ikakrimeyt,1
ikinahi-hiya,1
ikanapu,1
ika-pitongkatanungan,1
ika''alaa,1
ikaw-xcrew.wmv,1
ikalowang,1
ikatlongmalaking,1
ikinabubuko,1
ikaw?ngumiti,1
ikapinpinsala,1
ikahiya.basta,1
ikakabalibad,1
ikinakaogma,1
ikalilgtas,1
ikawalong-pinakamalaking,1
ikinatuwa.ang,1
ikanatatakot,1
ikanabuhay,1
ikinabubuhay.gumawa,1
ikakuda,1
ika-111anibersaryo,1
ikaw.kapag,1
ikawfor,1
ikaluluwalhad,1
ikadadangal,1
ikatitipunong,1
ikagalit.napapansin,1
ikasusugat,1
ika-copyedit,1
ika2sama,1
ika-55ng,1
ikinamatay.si,1
ikinalatang,1
ikinalatsa,1
ikinaka-enjoy,1
ikinanyod-kanyod,1
ikakayog,1
ikaaus,1
ikinabibigla,1
ikinakatuwirang,1
ikapapahamak.bb,1
ikasamakatuwid,1
ikalawang-palapag,1
ika-labing-limang,1
ikakabutih,1
ikina-ismid,1
ikahihigit,1
ikanasiya,1
ika-isangdaa,1
ikinabo-boring,1
ika-sanlibong,1
ikakasoh,1
ika-count,1
ikaw.sino,1
ikaka-aresto,1
ikawnapaka,1
ikaapatat,1
ika-15dantaong,1
ikinalungkotang,1
ikapagpatawad,1
ikapaniniwala,1
ikalalagay,1
ikasampungdantaon,1
ikalawangmilenyo,1
ikawlamangikawlamangikawlamangikawlamang,1
ikandayonday,1
ikinabigia,1
ika.bubuti,1
ikama2tay,1
ikawatakolamang,1
ika-titi,1
ika-kabit,1
ika-ikot,1
ikasasa-gana,1
ikawparinat,1
ikawmagkaiba,1
ika-didiscourage,1
ika-babaliw,1
ikauswag,1
ikasaktan,1
ikapu.g,1
ikapu.e,1
ikapu.b,1
ikapu.malakias,1
ikapumaraming,1
ikapu.paghahanda,1
ikabubuti.himukin,1
ika-2edisyon,1
ikalabintatlongsaligan,1
ikapu.ipaliwanag,1
ikapu.ipamuhay,1
ikawangnag,1
ikakasasal,1
ika-animnabaitang5ay,1
ika-tlongbaitang6ay,1
ika-text,1
ikasulti,1
ikaaaayï¿½ï¿½ï¿½ï¿½ï¿½ï¿½ï¿½ï,1
ikinalinis,1
ika-sampo,1
ikinahalata,1
ikinapuri,1
ikinauubosng,1
ikaw.unsay,1
ikaal,1
ikapaglalapit,1
ikalawangnakilala,1
ikapo.pero,1
ikatakot.nalilitoalam,1
ikali-mang,1
ika-siyamnapu,1
ika-magkakaroon,1
ikaw?you,1
ikinahiligan,1
ikakalugmok,1
ika-disiotsong,1
ikapasa,1
ikasiyam/ika,1
ikalima/ika,1
ikatlokaniya,1
ika-24ng,1
ikinalingawngaw,1
ikinakislot,1
ikinatagorya,1
ikapu.batang,1
ikaaawwwww,1
ikawwwwlllllanngggg,1
ikabisado,1
ikakakamatay,1
ikawwalang,1
ikinainsecure,1
ikinargakaya,1
ikamatay.napapikit,1
ikabub,1
ikab,1
ikabubu,1
ikabu,1
ikaka-impyerno,1
ikaw@ohhitsloize,1
ikasal.at,1
ikabubuhay..taon-taon,1
ikawalngo,1
ikapanabik.pero,1
ikaw.paano,1
ikaungol,1
ika-apatnapong,1
ikalawang-class,1
ikinasagad,1
ikapu.www.lds.org,1
ikawangakingkasama,1
ikaw@_shiddeyyy,1
ikinatatapos,1
ikaww!di,1
ikinabwiset,1
ikakasal.ganyan,1
ikawlangangsiyang,1
ikaw?oo,1
ikaikasal,1
ika-apat-napong,1
ika-nonilyong,1
ikanutuwa,1
ikasiyamnabaitanghabangpagtuturo,1
ikalab,1
ika-1e,1
ikawmisirable,1
ikawbana,1
ikinaiigaya,1
ikalburo,1
ika-2d,1
ika-2c,1
ikakataguyod,1
ika-uban,1
ikinabubuhayni,1
ikatlong-sangkapat,1
ikalinang,1
ikawngaangsyang,1
ikawngaangsyanghanap,1
ikadusto,1
ika-10taon,1
ikapagkaka-isang,1
ika-pitongpuwesto,1
ikanripas,1
ika-at,1
ikawalagaan,1
ika-69th,1
ikinagulati,1
ikapanghinayang,1
ikalukuwalhati,1
ikawlangtalagaang,1
ikina-ngisi,1
ikakabitter,1
ika-20pandaigdigang,1
ikawikapag,1
ikatlongpangkatpagsasagawang,1
ikalawangpangkatpagsasagawangisangkalendaryonanagpapakita,1
ika-may,1
ikawnasanaang,1
ikawmasakit,1
ikawpangarap,1
ikaka-who,1
ikinabanng,1
ika-kandado,1
ikakalag,1
ikatututuo,1
ikalagay,1
ikaibuyuran,1
ikapaghihiwalay,1
ikinauuta,1
ikala!a,1
ikawanggagoulolkandadosusinilunokangsusi,1
ikinabangga,1
ikae-excite,1
ikinagilalas,1
ikinatangi-tangi,1
ika-dalawampuï¿,1
ikatibay,1
ikapagsasarilï¿,1
ikinalulungkot.sa,1
ika-himatay,1
ikakatiyak,1
ikaisaï¿,1
ikatlong-bansa,1
ikinapa-pahamak,1
ikinapapawi,1
ikatlongbumuo,1
ikinalungkotng,1
ikatlong_baytang.pdf,1
ikapapahamak.huwag,1
ika-catalogue,1
ikinaproud,1
ikawlol!gago,1
ikinatitirik,1
ikalalagapak,1
ikatatagumpayniya,1
ikawrain,1
ikaan,1
ikabt,1
ika-dalawaputï¿,1
ikaluluwalialti,1
ikapapabanal,1
ikaw?ano,1
ikinatapos,1
ika-x,1
ikinagaiak,1
ikawregie,1
ikinahaying,1
ikaiinsecure,1
ikalabingsiyaw,1
ikawikawaking,1
ikawgrabiii,1
ikawlol,1
ikina-i-insecure,1
ika-119anibersaryo,1
ikaylimutin,1
ikationg,1
ikaiawang,1
ikakawas,1
ikapangusap,1
ikakatsismis,1
ika-kaldereta,1
ikauunlang,1
ikinalupkop,1
ikatatlumput-limang,1
ikatatlumput-apat,1
ikatatlumput-tatlong,1
ikatatlumput-dalawang,1
ikatatlumput-isang,1
ikadalawamputsiyam,1
ikadalawamputwalong,1
ikadalawamputpitong,1
ikadalawamput-anim,1
ikadalawamputlimang,1
ikadalawamputtatlong,1
ikadalawamputdalawang,1
ikadalawamput-isang,1
ikalabinpitong,1
ikinangingiti,1
ikalawangkabanatang,1
ikaka-baduy,1
ikaba-baduy,1
ikapitongbuwan,1
ikaw/dalawa,1
ikapagpapasalamat,1
ikalawangpahayag,1
ikada-lawampung,1
ika-14na,1
ikinababa-hala,1
ikinakapitmo,1
ikat-lo,1
ikala-wa,1
ikawa-long,1
ikadarating,1
ikabuhis,1
ikaaaw?@shelle17japsden,1
ikinaigting,1
ikinaagalak,1
ikapapahinga,1
ikakalayag,1
ikawmagpahangang,1
ikayzzee,1
ika-dalawampot,1
ikaw?ma,1
ikawangmagigingpinakaunangtayasalaro,1
ikawangmatamaansanumeronginyongnapagpasyahan,1
ikawangpag-asa,1
ikawangpag-asang,1
ikawangpag-ibigna,1
ikawangpag-ibig,1
ikaaww,1
ikapagtatanggol,1
ikararagdag,1
ikasusunod,1
ikapagbabangon,1
ikasasanay,1
ikatlongbaytang,1
ikabaliwan,1
ikinatuwaan,1
ikalawit,1
ikinabukol,1
ikaw.tots,1
ikanapula,1
ikaggaling,1
ikatili,1
ikabubulaga,1
ikawbaaymalugodnanagbibigay?paanomomaisasapamuhay,1
