ikasal,1336
ikinasal,1298
ikalat,1110
ikapu,1108
ikabit,546
ikinalat,469
ikinasa,416
ikinabit,411
ikampanya,162
ikang,159
ikanga,132
ikahon,130
ikaso,113
ikaila,110
ikinapit,110
ikasa,107
ikinatwiran,107
ikinaila,104
ikapo,103
ikaka,98
ikansela,91
ikinandado,90
ikapit,89
ikama,88
ikandado,86
ikinawit,78
ikanta,68
ikinangiti,66
ikaryo,65
ikinanta,64
ikaskas,62
ikain,60
ikalwang,57
ikatwiran,50
ika-nga,46
ikinaso,44
ikinaiba,44
ikinarga,42
ikarga,40
ikinampanya,39
ikinaskas,38
ikabod,36
ikako,33
ika''y,29
ikaltas,29
ikadyot,28
ikamo,27
ikinadyot,27
ikampay,27
ikinahon,26
ikantot,26
ika?y,23
ikalma,23
ikala,23
ikinampay,21
ikalaw,20
ika-tatlumpu,20
ikinanyod,19
ikinaway,17
ikinain,17
ikinandong,16
ikinatwirang,16
ikalwa,15
ikambyo,15
ika-tatlumput,14
ika-cancel,14
ikinansela,12
ikinaltas,12
ikana,12
ikaklit,12
ika-tatlumpung,11
ikat-long,11
ikinantot,11
ikinabig,11
ikinaha,11
ikinambyo,10
ikaï¿,10
ikarwa,10
ikabig,10
ikinait,10
ika-pu,10
ikaï¿,10
ikinalas,9
ikina-shock,9
ika-pitumpung,8
ikinaka,8
ikaaaw,8
ikatlng,8
ikanyod,8
ikado,7
ika-v,7
ika-ii,7
ikinaba,7
ikait,7
ika-cut,7
ikargang-pakuha,7
ika-syam,7
ikari,7
ikinama,6
ikagat,6
ikansel,6
ikanyang,6
ikinangisi,6
ikami,6
ika-s,6
ikanlong,6
ikinargang,6
ikaayo,5
ika-copy,5
ika-third,5
ika-worry,5
ika-line,5
ikaon,5
ikinalma,5
ikaga,5
ikaklaro,5
ika-sampong,4
ikaltong,4
ikarus,4
ikalkula,4
ikante,4
ikasan,4
ikatan,4
ikapan,4
ikinandidato,4
ikasyam,4
ika-lulumpo,4
ikantasya,4
ikinang,4
ikatwirang,4
ikali,4
ika-cast,4
ikahit,4
ika-b,4
ikaaw,4
ika-huling,4
ikalog,4
ikinamot,4
ika-proud,4
ikasya,4
ika-pitumpu,4
ikasyon,4
ikapa,4
ikinanginig,4
ikanin,4
ikinambal,3
ikinabet,3
ikalas,3
ikinagat,3
ika-sandaang,3
ika-l,3
ikinatha,3
ikandidato,3
ikalkal,3
ika-i,3
ikinais,3
ikanan,3
ikinabwisit,3
ikinakas,3
ikinangiwi,3
ikina-bubuhay,3
ika-n,3
ikina-shocked,3
ikatlaong,3
ikatha,3
ikano,3
ikamot,3
ikinagwapo,3
ikinayod,3
ikarir,3
ikina-bigla,3
ikaproud,3
ika-guilty,3
ikinangng,3
ika-sorry,3
ika-sandaan,3
ikina-ngiti,3
ikaika,3
ikagganda,3
ikaiba,3
ikinaiib,2
ikaklase,2
ikatlumpung,2
ikinarta,2
ika-nth,2
ika-linya,2
ikalso,2
ikaani,2
ikada,2
ika-iv,2
ikina-lo-loka,2
ikabet,2
ikagen,2
ika-crop,2
ikinari,2
ikinaklasipika,2
ikina-bad,2
ikatwa,2
ika-trese,2
ikasi,2
ikangatog,2
ikapag,2
ikatok,2
ikanal,2
ikina-gulat,2
ika-galit,2
ikaaa,2
ika-baynte,2
ikinanganga,2
ika-pang,2
ikinapa,2
ikina-dismaya,2
ika-bitter,2
ika-classify,2
ikina-depress,2
ika-sisira,2
ikampi,2
ika-cache,2
ikinaaga,2
ika-thank,2
ikabil,2
ikatllo,2
ika-siglo,2
ikareo,2
ikinahig,2
ikaay,2
ikina-badtrip,2
ika-gu-gulat,2
ika-stress,2
ikinana,2
ika-sira,2
ikap-at,2
ikina-trauma,2
ikandong,2
ika-disqualify,2
ikattuwa,2
ikaora,2
ikaklasipika,2
ikinanti,2
ikangiti,2
ikinarsel,2
ika-dalampu,2
ikahol,2
ikahig,2
ika-second,2
ikina-react,2
ikina-matay,2
ikatat,2
ika-bahala,2
ikinalso,2
ikina-galit,2
ikappahamak,2
ika-matay,2
ikinagu,2
ikampana,2
ikina-cool,2
ikalligaya,2
ikina-panic,2
ika-capture,2
ikalim,2
ikatl,2
ikinanlong,2
ika-dalampung,2
ikina-tense,2
ika-bubuti,2
ika-gaganda,2
ikinatwa,2
ika-calibrate,2
ika-walumpu,2
ika-klaro,2
ikina-blush,2
ika-quarantine,2
ikakas,2
ika-kaba,2
ikapon,2
ikaha,2
ikaglit,1
ikaglitsapagkat,1
ikahiy,1
ikaib,1
ika-benteng,1
ika-pat,1
ika-categorized,1
ikahan,1
ika-sakyan,1
ikinamï¿½ï¿½m,1
ikinayï¿½ï¿½y,1
ikinasï¿,1
ikinatï¿½ï¿½t,1
ikinasï¿½ï¿½,1
ika-calendar,1
ika-career,1
ikakksl,1
ikinangingitngit,1
ikinabbaaliw,1
ikina-ganda,1
ikina-tahimik,1
ikadkad,1
ikina-crank,1
ikambio,1
ika/sampong,1
ika-move-on,1
ika-pitung,1
ikaawi,1
ikakbuti,1
ika-kasang,1
ikaslibo,1
ika-kinse,1
ikinandidatosiyï¿½ï,1
ikat/ong,1
ika-vii,1
ikinadyot-kadyot,1
ikatad,1
ika-cheneling,1
ikalwangbahagi,1
ikallakas,1
ikata,1
ika-tatio,1
ikandadoito.pagsisimula,1
ika-cuarenta,1
ika-io,1
ikangingilo,1
ika-tutuwa,1
ika-kapit,1
ikinasi,1
ikinakat,1
ikinaubo,1
ikina-ba-badtrip,1
ika-saandaan,1
ikagag,1
ikancel,1
ikantyaw,1
ikamu,1
ikatyong,1
ikaapa,1
ika-luka,1
ikinatay,1
ika-gadan,1
ika-sandaa,1
ikina-sal,1
ika-panibulos,1
ikauun,1
ikatskot,1
ika-sheet,1
ikambiyong,1
ikinawag,1
ika-selos,1
ikinatus,1
ika-rangal,1
ikakrimeyt,1
ika''alaa,1
ika-copyedit,1
ikinanyod-kanyod,1
ikaaus,1
ika-sanlibong,1
ika-count,1
ikandayonday,1
ika.bubuti,1
ika-titi,1
ika-kabit,1
ika-didiscourage,1
ika-babaliw,1
ika-text,1
ika-sampo,1
ikaal,1
ika-magkakaroon,1
ika-disiotsong,1
ikinargakaya,1
ikabub,1
ikabu,1
ikinabwiset,1
ika-nonilyong,1
ikalab,1
ikalburo,1
ikanripas,1
ika-at,1
ikina-ngisi,1
ika-may,1
ika-kandado,1
ika-himatay,1
ika-catalogue,1
ikinaproud,1
ikaan,1
ikabt,1
ika-x,1
ika-kaldereta,1
ikinangingiti,1
ikat-lo,1
ikaaww,1
ikaggaling,1
